{
  "display": {
    "icon": {
      "item": "minecraft:writable_book"
    },
    "title": "Awesome Dungeon",
    "description": "Discover Awesome Dungeon",
    "frame": "task",
    "show_toast": false,
    "announce_to_chat": false,
    "hidden": false,
    "background": "minecraft:textures/gui/advancements/backgrounds/stone.png"
  },
  "criteria": {
    "awesomedungeon:abandoned_oak_palace": {
      "trigger": "minecraft:location",
      "conditions": {
        "player": [{
          "condition": "minecraft:location_check",
          "predicate": {
            "structure": "awesomedungeon:abandoned_oak_palace",
            "dimension": "minecraft:overworld"
          }
        }]
      }
    },

    "awesomedungeon:better_default_jungle_temple": {
      "trigger": "minecraft:location",
      "conditions": {
        "player": [{
          "condition": "minecraft:location_check",
          "predicate": {
            "structure": "awesomedungeon:better_default_jungle_temple",
            "dimension": "minecraft:overworld"
          }
        }]
      }
    },

    "awesomedungeon:desert_temple_husk": {
      "trigger": "minecraft:location",
      "conditions": {
        "player": [{
          "condition": "minecraft:location_check",
          "predicate": {
            "structure": "awesomedungeon:desert_temple_husk",
            "dimension": "minecraft:overworld"
          }
        }]
      }
    },

    "awesomedungeon:jungle_giant_tree": {
      "trigger": "minecraft:location",
      "conditions": {
        "player": [{
          "condition": "minecraft:location_check",
          "predicate": {
            "structure": "awesomedungeon:jungle_giant_tree",
            "dimension": "minecraft:overworld"
          }
        }]
      }
    },

    "awesomedungeon:mushroom_abandonned": {
      "trigger": "minecraft:location",
      "conditions": {
        "player": [{
          "condition": "minecraft:location_check",
          "predicate": {
            "structure": "awesomedungeon:mushroom_abandonned",
            "dimension": "minecraft:overworld"
          }
        }]
      }
    },

    "awesomedungeon:swamp_big_temple": {
      "trigger": "minecraft:location",
      "conditions": {
        "player": [{
          "condition": "minecraft:location_check",
          "predicate": {
            "structure": "awesomedungeon:swamp_big_temple",
            "dimension": "minecraft:overworld"
          }
        }]
      }
    },

    "awesomedungeon:the_usine": {
      "trigger": "minecraft:location",
      "conditions": {
        "player": [{
          "condition": "minecraft:location_check",
          "predicate": {
            "structure": "awesomedungeon:the_usine",
            "dimension": "minecraft:overworld"
          }
        }]
      }
    },

    "awesomedungeon:the_ztower": {
      "trigger": "minecraft:location",
      "conditions": {
        "player": [{
          "condition": "minecraft:location_check",
          "predicate": {
            "structure": "awesomedungeon:the_ztower",
            "dimension": "minecraft:overworld"
          }
        }]
      }
    },

    "awesomedungeon:witch_castle": {
      "trigger": "minecraft:location",
      "conditions": {
        "player": [{
          "condition": "minecraft:location_check",
          "predicate": {
            "structure": "awesomedungeon:witch_castle",
            "dimension": "minecraft:overworld"
          }
        }]
      }
    }
  },
  "requirements": [
    [
      "awesomedungeon:abandoned_oak_palace",
      "awesomedungeon:better_default_jungle_temple",
      "awesomedungeon:desert_temple_husk",
      "awesomedungeon:jungle_giant_tree",
      "awesomedungeon:mushroom_abandonned",
      "awesomedungeon:swamp_big_temple",
      "awesomedungeon:the_usine",
      "awesomedungeon:the_ztower",
      "awesomedungeon:witch_castle"
    ]
  ]
}