{
  "display": {
    "icon": {
      "item": "minecraft:filled_map"
    },
    "title": "Find: Witch castle",
    "description": " Discover the Witch castle dungeon during the night",
    "frame": "challenge",
    "show_toast": true,
    "announce_to_chat": true,
    "hidden": false
  },
  "parent": "awesomedungeon:witch_castle/find_normal",
  "criteria": {
    "requirement": {
      "trigger": "minecraft:location",
      "conditions": {
        "player": [{
          "condition": "minecraft:time_check",
          "value": {
            "min": 13000,
            "max": 22300
          }
        }, {
          "condition": "minecraft:location_check",
          "predicate": {
            "structure": "awesomedungeon:witch_castle",
            "dimension": "minecraft:overworld"
          }
        }]
      }
    }
  },
  "rewards": {
    "experience": 10
  }
}

