{
  "display": {
    "icon": {
      "item": "minecraft:filled_map"
    },
    "title": "Find: Temple husk",
    "description": " Discover the Temple husk dungeon",
    "frame": "challenge",
    "show_toast": true,
    "announce_to_chat": true,
    "hidden": false
  },
  "parent": "awesomedungeon:root",
  "criteria": {
    "requirement": {
      "trigger": "minecraft:location",

      "conditions": {
        "player": [{
          "condition": "minecraft:location_check",
          "predicate": {
            "structure": "awesomedungeon:desert_temple_husk",
            "dimension": "minecraft:overworld"
          }
        }]
      }
    }
  },
  "rewards": {
    "experience": 10
  }
}