{
  "type": "minecraft:chest",
  "pools": [{
      "rolls": {
        "type": "minecraft:uniform",
        "min": 1,
        "max": 3
      },
      "bonus_rolls": 0,
      "entries": [{
          "type": "minecraft:item",
          "weight": 3,
          "name": "minecraft:wolf_spawn_egg"
        },
        {
          "type": "minecraft:item",
          "weight": 15,
          "name": "minecraft:golden_apple"
        },
        {
          "type": "minecraft:item",
          "weight": 2,
          "name": "minecraft:enchanted_golden_apple"
        },
        {
          "type": "minecraft:item",
          "weight": 2,
          "name": "minecraft:gold_ingot"
        },
        {
          "type": "minecraft:item",
          "weight": 15,
          "name": "minecraft:diamond"
        },
        {
          "type": "minecraft:item",
          "weight": 15,
          "name": "minecraft:emerald"
        },
        {
          "type": "minecraft:item",
          "weight": 20,
          "name": "minecraft:cookie"
        },
        {
          "type": "minecraft:item",
          "weight": 10,
          "name": "minecraft:golden_horse_armor"
        },
        {
          "type": "minecraft:item",
          "weight": 15,
          "name": "minecraft:iron_horse_armor"
        },
        {
          "type": "minecraft:item",
          "weight": 5,
          "name": "minecraft:diamond_horse_armor"
        },
        {
          "type": "minecraft:item",
          "weight": 10,
          "name": "minecraft:apple"
        }
      ]
    },
    {
      "rolls": {
        "type": "minecraft:uniform",
        "min": 1,
        "max": 4
      },
      "bonus_rolls": 0,
      "entries": [{
          "type": "minecraft:item",
          "weight": 10,
          "name": "minecraft:iron_ingot",
          "functions": [{
            "function": "minecraft:set_count",
            "count": {
              "type": "minecraft:uniform",
              "min": 1,
              "max": 4
            },
            "add": false
          }]
        },
        {
          "type": "minecraft:item",
          "weight": 5,
          "name": "minecraft:gold_ingot",
          "functions": [{
            "function": "minecraft:set_count",
            "count": {
              "type": "minecraft:uniform",
              "min": 1,
              "max": 4
            },
            "add": false
          }]
        },
        {
          "type": "minecraft:item",
          "weight": 20,
          "name": "minecraft:bread"
        },
        {
          "type": "minecraft:item",
          "weight": 10,
          "name": "minecraft:iron_sword"
        },
        {
          "type": "minecraft:item",
          "weight": 10,
          "name": "minecraft:arrow"
        },
        {
          "type": "minecraft:item",
          "weight": 15,
          "name": "minecraft:redstone",
          "functions": [{
            "function": "minecraft:set_count",
            "count": {
              "type": "minecraft:uniform",
              "min": 1,
              "max": 4
            },
            "add": false
          }]
        },
        {
          "type": "minecraft:item",
          "weight": 15,
          "name": "minecraft:torch",
          "functions": [{
            "function": "minecraft:set_count",
            "count": {
              "type": "minecraft:uniform",
              "min": 1,
              "max": 4
            },
            "add": false
          }]
        },
        {
          "type": "minecraft:item",
          "weight": 10,
          "name": "minecraft:melon_seeds",
          "functions": [{
            "function": "minecraft:set_count",
            "count": {
              "type": "minecraft:uniform",
              "min": 2,
              "max": 4
            },
            "add": false
          }]
        },
        {
          "type": "minecraft:item",
          "weight": 10,
          "name": "minecraft:pumpkin_seeds",
          "functions": [{
            "function": "minecraft:set_count",
            "count": {
              "type": "minecraft:uniform",
              "min": 2,
              "max": 4
            },
            "add": false
          }]
        },
        {
          "type": "minecraft:item",
          "weight": 10,
          "name": "minecraft:beetroot_seeds",
          "functions": [{
            "function": "minecraft:set_count",
            "count": {
              "type": "minecraft:uniform",
              "min": 2,
              "max": 4
            },
            "add": false
          }]
        }
      ]
    },
    {
      "rolls": 3,
      "bonus_rolls": 0,
      "entries": [{
          "type": "minecraft:item",
          "weight": 10,
          "name": "minecraft:bone",
          "functions": [{
            "function": "minecraft:set_count",
            "count": {
              "type": "minecraft:uniform",
              "min": 1,
              "max": 8
            },
            "add": false
          }]
        },
        {
          "type": "minecraft:item",
          "weight": 10,
          "name": "minecraft:gunpowder",
          "functions": [{
            "function": "minecraft:set_count",
            "count": {
              "type": "minecraft:uniform",
              "min": 1,
              "max": 8
            },
            "add": false
          }]
        },
        {
          "type": "minecraft:item",
          "weight": 10,
          "name": "minecraft:rotten_flesh",
          "functions": [{
            "function": "minecraft:set_count",
            "count": {
              "type": "minecraft:uniform",
              "min": 1,
              "max": 8
            },
            "add": false
          }]
        },
        {
          "type": "minecraft:item",
          "weight": 10,
          "name": "minecraft:string",
          "functions": [{
            "function": "minecraft:set_count",
            "count": {
              "type": "minecraft:uniform",
              "min": 1,
              "max": 8
            },
            "add": false
          }]
        }
      ]
    }
  ]
}